3807.0;351.0;1.0;1.0;0.0;0.0;1.0;2.0;0.0;1.0
3742.0;541.0;1.0;0.0;0.0;0.0;0.0;0.0;1.0;0.0
3733.0;90502.0;1.0;0.0;0.0;0.0;1.0;0.0;1.0;1.0
3725.0;2189.0;1.0;1.0;0.0;0.0;0.0;1.0;1.0;0.0
3719.0;10149.0;1.0;0.0;0.0;1.0;0.0;0.0;1.0;0.0
3716.0;562.0;1.0;0.0;0.0;0.0;0.0;0.0;1.0;0.0
3686.0;1075.0;4.0;4.0;0.0;0.0;0.0;4.0;2.0;0.0
3660.0;49646.0;1.0;0.0;0.0;0.0;0.0;1.0;1.0;0.0
3655.0;22681.0;1.0;0.0;0.0;0.0;0.0;1.0;0.0;0.0
3650.0;3391.0;1.0;0.0;0.0;0.0;0.0;1.0;2.0;0.0
3650.0;17154.0;1.0;0.0;0.0;0.0;0.0;1.0;1.0;0.0
3641.0;719.0;1.0;0.0;0.0;0.0;0.0;0.0;1.0;0.0
3579.0;2664948.0;4.0;4.0;0.0;4.0;0.0;8.0;4.0;0.0
3579.0;604.0;1.0;0.0;0.0;0.0;0.0;0.0;1.0;0.0
3561.0;6701.0;1.0;0.0;0.0;1.0;0.0;2.0;1.0;0.0
3558.0;7550.0;1.0;0.0;0.0;0.0;0.0;0.0;1.0;0.0
3556.0;4415.0;1.0;0.0;0.0;0.0;0.0;1.0;1.0;0.0
3518.0;10152.0;1.0;0.0;0.0;1.0;1.0;0.0;1.0;1.0
3508.0;80.0;1.0;1.0;0.0;0.0;0.0;1.0;0.0;0.0
3503.0;1714.0;1.0;0.0;0.0;0.0;0.0;0.0;1.0;0.0
3483.0;2085.0;1.0;1.0;0.0;0.0;1.0;1.0;0.0;1.0
3480.0;4296.0;1.0;0.0;0.0;0.0;0.0;1.0;0.0;0.0
3473.0;1866.0;1.0;0.0;0.0;0.0;0.0;0.0;0.0;0.0
3451.0;247.0;1.0;0.0;0.0;1.0;0.0;0.0;1.0;0.0
3446.0;5562.0;1.0;1.0;0.0;1.0;1.0;4.0;0.0;1.0
3442.0;291.0;1.0;1.0;0.0;2.0;0.0;2.0;1.0;0.0
3433.0;41133.0;1.0;0.0;0.0;1.0;1.0;0.0;1.0;1.0
3423.0;2742.0;1.0;0.0;0.0;0.0;0.0;1.0;0.0;0.0
3398.0;942.0;1.0;1.0;0.0;0.0;0.0;1.0;1.0;0.0
3392.0;14569.0;1.0;0.0;0.0;0.0;0.0;0.0;1.0;0.0
3388.0;85438.0;1.0;1.0;0.0;0.0;0.0;1.0;0.0;0.0
3374.0;724.0;1.0;1.0;0.0;1.0;0.0;1.0;1.0;0.0
3364.0;6568.0;1.0;0.0;0.0;1.0;0.0;1.0;1.0;0.0
3350.0;169.0;1.0;0.0;0.0;0.0;1.0;0.0;1.0;1.0
3343.0;1004.0;1.0;1.0;0.0;0.0;0.0;1.0;0.0;0.0
3340.0;253.0;4.0;2.0;0.0;6.0;0.0;14.0;4.0;0.0
3336.0;1085.0;1.0;0.0;0.0;0.0;1.0;1.0;1.0;1.0
3334.0;184.0;9.0;0.0;0.0;9.0;9.0;0.0;0.0;9.0
3327.0;711316.0;1.0;0.0;0.0;3.0;0.0;1.0;1.0;0.0
3318.0;79.0;1.0;1.0;0.0;0.0;0.0;1.0;1.0;0.0
3314.0;75983.0;1.0;0.0;0.0;2.0;0.0;0.0;1.0;0.0
3311.0;2743.0;1.0;0.0;0.0;0.0;1.0;0.0;1.0;1.0
3307.0;82334.0;1.0;0.0;0.0;0.0;0.0;0.0;1.0;0.0
3306.0;8898.0;1.0;1.0;0.0;0.0;0.0;1.0;1.0;0.0
3306.0;10488.0;1.0;0.0;0.0;1.0;0.0;0.0;1.0;0.0
3297.0;28436.0;4.0;0.0;0.0;6.0;0.0;4.0;4.0;0.0
3288.0;5426.0;1.0;0.0;0.0;0.0;0.0;1.0;1.0;0.0
3286.0;5728678.0;1.0;0.0;0.0;0.0;1.0;0.0;1.0;3.0
3284.0;6224.0;1.0;0.0;0.0;0.0;0.0;0.0;1.0;0.0
3278.0;13475.0;1.0;0.0;0.0;2.0;1.0;1.0;1.0;1.0
3272.0;827.0;1.0;1.0;0.0;0.0;0.0;1.0;0.0;0.0
3270.0;526076.0;1.0;0.0;0.0;1.0;0.0;0.0;1.0;0.0
3265.0;223.0;1.0;0.0;0.0;0.0;0.0;0.0;1.0;0.0
3262.0;1198.0;1.0;0.0;0.0;0.0;1.0;1.0;1.0;1.0
3255.0;440068.0;1.0;0.0;0.0;0.0;1.0;0.0;1.0;1.0
3253.0;1142.0;1.0;0.0;0.0;0.0;0.0;0.0;1.0;0.0
3236.0;49466.0;1.0;0.0;0.0;0.0;0.0;0.0;1.0;0.0
3235.0;1958.0;1.0;0.0;0.0;0.0;0.0;0.0;0.0;0.0
3231.0;3622.0;1.0;1.0;0.0;1.0;0.0;1.0;0.0;0.0
3229.0;899591.0;1.0;1.0;0.0;0.0;0.0;3.0;0.0;0.0
3224.0;795.0;1.0;0.0;0.0;0.0;0.0;0.0;0.0;0.0
3223.0;361999.0;1.0;0.0;0.0;0.0;0.0;0.0;1.0;0.0
3214.0;1551.0;1.0;0.0;0.0;1.0;0.0;0.0;1.0;0.0
3212.0;1184.0;4.0;4.0;0.0;0.0;0.0;4.0;2.0;0.0
3210.0;15393.0;1.0;0.0;0.0;1.0;0.0;0.0;1.0;0.0
3201.0;5212.0;4.0;4.0;0.0;2.0;0.0;6.0;6.0;0.0
3190.0;1513.0;1.0;1.0;0.0;0.0;0.0;1.0;0.0;0.0
3189.0;7223.0;1.0;0.0;0.0;0.0;0.0;0.0;1.0;0.0
3187.0;3154.0;1.0;1.0;0.0;1.0;0.0;1.0;0.0;0.0
3184.0;396.0;1.0;0.0;0.0;0.0;0.0;0.0;1.0;0.0
3182.0;186.0;1.0;0.0;0.0;0.0;0.0;0.0;0.0;0.0
3173.0;10496.0;1.0;0.0;0.0;0.0;0.0;0.0;1.0;0.0
3167.0;3056.0;1.0;1.0;0.0;0.0;1.0;1.0;0.0;1.0
3166.0;11843.0;1.0;0.0;0.0;0.0;0.0;0.0;1.0;0.0
3163.0;6661.0;1.0;0.0;0.0;2.0;0.0;1.0;1.0;0.0
3162.0;4983.0;1.0;0.0;0.0;0.0;0.0;1.0;0.0;0.0
3160.0;532.0;1.0;0.0;0.0;1.0;0.0;1.0;0.0;0.0
3153.0;2730.0;1.0;0.0;0.0;0.0;0.0;0.0;1.0;0.0
3153.0;8083.0;1.0;0.0;0.0;0.0;0.0;0.0;1.0;0.0
3147.0;947.0;1.0;0.0;0.0;0.0;0.0;0.0;1.0;0.0
3142.0;1556.0;1.0;0.0;0.0;0.0;1.0;0.0;0.0;2.0
3136.0;1191.0;1.0;0.0;0.0;0.0;0.0;1.0;1.0;0.0
3126.0;1064.0;1.0;0.0;0.0;0.0;0.0;0.0;1.0;0.0
3123.0;1003.0;1.0;0.0;0.0;0.0;0.0;1.0;0.0;0.0
3119.0;587.0;4.0;4.0;0.0;6.0;0.0;4.0;0.0;0.0
3119.0;4316.0;1.0;0.0;0.0;0.0;0.0;1.0;1.0;0.0
3118.0;3749.0;1.0;1.0;0.0;0.0;1.0;1.0;1.0;1.0
3117.0;2234.0;4.0;0.0;0.0;0.0;0.0;2.0;0.0;0.0
3116.0;1532.0;1.0;0.0;0.0;0.0;0.0;0.0;1.0;0.0
3115.0;622.0;1.0;1.0;0.0;0.0;0.0;1.0;0.0;0.0
3115.0;155170.0;1.0;1.0;0.0;0.0;0.0;1.0;1.0;0.0
3115.0;69.0;1.0;1.0;0.0;0.0;1.0;1.0;0.0;1.0
3113.0;1401.0;1.0;0.0;0.0;0.0;0.0;2.0;1.0;0.0
3112.0;74428.0;9.0;9.0;0.0;12.0;0.0;9.0;9.0;0.0
3112.0;1437.0;4.0;4.0;0.0;4.0;0.0;8.0;4.0;0.0
3109.0;2498.0;1.0;1.0;0.0;0.0;0.0;2.0;0.0;0.0
3107.0;1256.0;1.0;0.0;0.0;0.0;0.0;0.0;1.0;0.0
3103.0;4953.0;1.0;0.0;0.0;0.0;0.0;1.0;1.0;0.0
3087.0;248.0;1.0;1.0;0.0;1.0;0.0;1.0;0.0;0.0
3085.0;391.0;1.0;1.0;0.0;0.0;1.0;2.0;0.0;1.0
3082.0;361.0;1.0;0.0;0.0;0.0;0.0;0.0;1.0;0.0
3081.0;92.0;1.0;1.0;0.0;0.0;0.0;1.0;1.0;0.0
3079.0;2706.0;1.0;0.0;0.0;0.0;0.0;0.0;1.0;0.0
3069.0;17292.0;1.0;0.0;0.0;2.0;0.0;3.0;1.0;0.0
3068.0;79.0;1.0;0.0;0.0;1.0;0.0;3.0;0.0;0.0
3068.0;2067.0;1.0;1.0;0.0;1.0;0.0;1.0;0.0;0.0
3067.0;1567.0;1.0;0.0;0.0;4.0;0.0;0.0;0.0;0.0
3059.0;1818.0;1.0;1.0;0.0;0.0;0.0;1.0;1.0;0.0
3059.0;179.0;1.0;0.0;0.0;0.0;0.0;2.0;0.0;0.0
3052.0;2707.0;1.0;0.0;0.0;0.0;0.0;0.0;1.0;0.0
3049.0;39601.0;1.0;0.0;0.0;0.0;0.0;0.0;1.0;0.0
3048.0;86.0;1.0;1.0;0.0;1.0;0.0;1.0;1.0;0.0
3048.0;78531.0;1.0;0.0;0.0;2.0;0.0;1.0;1.0;0.0
3047.0;2941.0;1.0;0.0;0.0;0.0;0.0;0.0;0.0;0.0
3046.0;443.0;1.0;0.0;0.0;0.0;0.0;1.0;0.0;0.0
3045.0;704.0;1.0;1.0;0.0;0.0;0.0;1.0;2.0;0.0
3045.0;6113.0;49.0;7.0;0.0;14.0;0.0;21.0;49.0;0.0
3042.0;234.0;1.0;0.0;0.0;0.0;0.0;2.0;0.0;0.0
3040.0;2133.0;1.0;1.0;0.0;0.0;0.0;1.0;1.0;0.0
3039.0;729.0;1.0;1.0;0.0;0.0;0.0;1.0;0.0;0.0
3039.0;1337.0;1.0;1.0;0.0;0.0;0.0;1.0;0.0;0.0
3037.0;62.0;1.0;0.0;0.0;0.0;0.0;1.0;1.0;0.0
3035.0;976.0;1.0;0.0;0.0;1.0;0.0;0.0;1.0;0.0
3034.0;388.0;1.0;1.0;0.0;0.0;0.0;1.0;1.0;0.0
3032.0;32387.0;1.0;1.0;0.0;2.0;0.0;1.0;1.0;0.0
3032.0;126.0;9.0;9.0;0.0;0.0;0.0;12.0;3.0;0.0
3032.0;6970.0;1.0;0.0;0.0;1.0;0.0;0.0;1.0;0.0
3031.0;2608.0;1.0;1.0;0.0;0.0;0.0;1.0;0.0;0.0
3031.0;274.0;1.0;1.0;0.0;6.0;0.0;1.0;0.0;0.0
3031.0;4062.0;1.0;0.0;0.0;2.0;0.0;0.0;1.0;0.0
3031.0;3751.0;1.0;0.0;0.0;1.0;0.0;0.0;0.0;0.0
3030.0;37134.0;1.0;0.0;0.0;2.0;0.0;0.0;1.0;0.0
3029.0;3964.0;1.0;1.0;0.0;0.0;0.0;1.0;1.0;0.0
3029.0;19000.0;1.0;0.0;0.0;0.0;0.0;1.0;1.0;0.0
3028.0;1204.0;1.0;0.0;0.0;0.0;0.0;0.0;0.0;0.0
3028.0;450.0;1.0;0.0;0.0;0.0;0.0;0.0;1.0;0.0
3027.0;524.0;1.0;1.0;0.0;0.0;0.0;1.0;0.0;0.0
3026.0;5748.0;1.0;0.0;0.0;0.0;0.0;0.0;1.0;0.0
3025.0;1322.0;1.0;0.0;0.0;0.0;0.0;2.0;1.0;0.0
3024.0;1763.0;1.0;0.0;0.0;0.0;0.0;1.0;1.0;0.0
3024.0;113.0;4.0;2.0;0.0;2.0;2.0;16.0;2.0;2.0
3024.0;74113.0;1.0;0.0;0.0;0.0;0.0;0.0;1.0;0.0
3023.0;1410.0;1.0;0.0;0.0;0.0;0.0;0.0;1.0;0.0
3023.0;55545.0;1.0;0.0;0.0;0.0;0.0;2.0;0.0;0.0
3021.0;606.0;1.0;1.0;0.0;1.0;0.0;1.0;1.0;0.0
3020.0;2678.0;1.0;0.0;0.0;1.0;0.0;0.0;0.0;0.0
3020.0;1791.0;1.0;0.0;0.0;0.0;1.0;0.0;1.0;1.0
3020.0;1568.0;1.0;0.0;0.0;0.0;0.0;0.0;1.0;0.0
3020.0;4359.0;1.0;0.0;0.0;0.0;0.0;0.0;1.0;0.0
3020.0;1291.0;4.0;2.0;0.0;2.0;0.0;4.0;2.0;0.0
3019.0;1062.0;1.0;0.0;0.0;0.0;0.0;1.0;1.0;0.0
3019.0;140.0;1.0;0.0;0.0;0.0;0.0;0.0;1.0;0.0
3018.0;19371.0;1.0;0.0;0.0;0.0;0.0;0.0;1.0;0.0
3017.0;12166.0;1.0;0.0;0.0;2.0;0.0;0.0;1.0;0.0
3017.0;14595.0;1.0;1.0;0.0;3.0;0.0;3.0;1.0;0.0
3016.0;89384.0;1.0;0.0;0.0;0.0;0.0;0.0;1.0;0.0
3013.0;1588.0;1.0;1.0;0.0;0.0;0.0;1.0;1.0;0.0
3012.0;4451.0;1.0;1.0;0.0;0.0;0.0;1.0;1.0;0.0
3012.0;371.0;1.0;1.0;0.0;0.0;0.0;1.0;0.0;0.0
3011.0;6281.0;1.0;0.0;0.0;2.0;0.0;0.0;1.0;0.0
3011.0;20430.0;1.0;1.0;0.0;0.0;0.0;1.0;1.0;0.0
3011.0;154085.0;1.0;1.0;0.0;1.0;0.0;2.0;0.0;0.0
3010.0;541.0;1.0;0.0;0.0;0.0;0.0;1.0;0.0;0.0
3010.0;4631.0;1.0;0.0;0.0;0.0;0.0;1.0;1.0;0.0
3010.0;1274.0;1.0;0.0;0.0;4.0;0.0;0.0;1.0;0.0
3010.0;1392.0;1.0;0.0;0.0;1.0;0.0;1.0;0.0;0.0
3009.0;2236.0;1.0;1.0;0.0;3.0;1.0;1.0;0.0;1.0
3009.0;320.0;1.0;0.0;0.0;0.0;0.0;0.0;1.0;0.0
3008.0;96957.0;1.0;0.0;0.0;0.0;0.0;0.0;1.0;0.0
3006.0;3063.0;1.0;1.0;0.0;0.0;0.0;1.0;0.0;0.0
3006.0;14061.0;1.0;0.0;0.0;0.0;0.0;0.0;1.0;0.0
3004.0;67.0;1.0;0.0;0.0;0.0;0.0;4.0;0.0;0.0
3004.0;1029.0;1.0;1.0;0.0;1.0;0.0;2.0;1.0;0.0
3004.0;3548.0;1.0;0.0;0.0;0.0;0.0;1.0;1.0;0.0
3004.0;118.0;1.0;1.0;0.0;1.0;1.0;1.0;1.0;1.0
3004.0;12752.0;1.0;1.0;0.0;0.0;0.0;1.0;0.0;0.0
3004.0;3.0;1.0;0.0;0.0;0.0;0.0;1.0;1.0;0.0
3004.0;30356.0;1.0;0.0;0.0;1.0;0.0;0.0;1.0;0.0
3003.0;167.0;1.0;0.0;0.0;0.0;0.0;0.0;1.0;0.0
3000.0;677.0;1.0;0.0;0.0;0.0;0.0;0.0;1.0;0.0
3000.0;833.0;1.0;0.0;0.0;0.0;0.0;0.0;0.0;0.0
2999.0;846.0;1.0;1.0;0.0;0.0;0.0;1.0;1.0;0.0
2998.0;464.0;4.0;0.0;0.0;2.0;0.0;8.0;0.0;0.0
2998.0;779.0;1.0;0.0;0.0;1.0;0.0;0.0;0.0;0.0
2998.0;2280.0;1.0;0.0;0.0;0.0;0.0;1.0;1.0;0.0
2997.0;63.0;1.0;1.0;0.0;0.0;0.0;1.0;0.0;0.0
2997.0;17203.0;1.0;0.0;0.0;0.0;0.0;0.0;0.0;0.0
2995.0;65.0;1.0;0.0;0.0;0.0;0.0;0.0;1.0;0.0
2992.0;10906.0;1.0;0.0;0.0;0.0;0.0;0.0;1.0;0.0
2992.0;211.0;1.0;1.0;0.0;0.0;0.0;1.0;1.0;0.0
2992.0;11725.0;1.0;0.0;0.0;0.0;0.0;8.0;0.0;0.0
2989.0;51.0;1.0;1.0;0.0;0.0;1.0;3.0;0.0;1.0
2987.0;478.0;1.0;1.0;0.0;0.0;0.0;2.0;0.0;0.0
2987.0;50.0;1.0;1.0;0.0;2.0;0.0;1.0;1.0;0.0
2987.0;2897.0;1.0;1.0;0.0;1.0;0.0;2.0;1.0;0.0
2985.0;276.0;1.0;1.0;0.0;1.0;0.0;1.0;1.0;0.0
2985.0;36811.0;1.0;0.0;0.0;0.0;0.0;1.0;0.0;0.0
2985.0;258.0;1.0;0.0;0.0;0.0;0.0;3.0;1.0;0.0
2984.0;3763.0;1.0;1.0;0.0;0.0;0.0;1.0;1.0;0.0
2984.0;1659.0;1.0;0.0;0.0;0.0;0.0;0.0;0.0;0.0
2983.0;82201.0;1.0;0.0;0.0;0.0;0.0;0.0;1.0;0.0
2983.0;3082.0;1.0;1.0;0.0;0.0;0.0;1.0;1.0;0.0
2983.0;5791.0;1.0;0.0;0.0;0.0;0.0;1.0;1.0;0.0
2983.0;8749.0;1.0;0.0;0.0;1.0;0.0;0.0;2.0;0.0
2982.0;194.0;1.0;1.0;0.0;0.0;0.0;1.0;1.0;0.0
2982.0;6702.0;1.0;0.0;0.0;3.0;0.0;0.0;1.0;0.0
2982.0;11140.0;1.0;0.0;0.0;0.0;0.0;0.0;1.0;0.0
2982.0;13921.0;1.0;0.0;0.0;0.0;0.0;0.0;1.0;0.0
2982.0;425.0;1.0;1.0;0.0;0.0;0.0;1.0;1.0;0.0
2980.0;528.0;1.0;0.0;0.0;1.0;0.0;0.0;0.0;0.0
2978.0;2121.0;1.0;0.0;0.0;1.0;0.0;2.0;1.0;0.0
2978.0;3090.0;1.0;0.0;0.0;0.0;0.0;0.0;1.0;0.0
2977.0;1369.0;1.0;1.0;0.0;0.0;0.0;1.0;1.0;0.0
2976.0;398.0;1.0;1.0;0.0;0.0;0.0;1.0;1.0;0.0
2975.0;1492.0;1.0;1.0;0.0;0.0;0.0;3.0;1.0;0.0
2975.0;2372.0;1.0;1.0;0.0;0.0;0.0;1.0;1.0;0.0
2974.0;11250.0;1.0;0.0;0.0;0.0;0.0;0.0;1.0;0.0
2974.0;746.0;1.0;1.0;0.0;0.0;0.0;1.0;1.0;0.0
2973.0;2458.0;1.0;0.0;0.0;0.0;0.0;0.0;2.0;0.0
2973.0;426.0;1.0;0.0;0.0;6.0;0.0;0.0;1.0;0.0
2972.0;2387.0;1.0;0.0;0.0;0.0;0.0;1.0;0.0;0.0
2972.0;1360.0;1.0;0.0;0.0;0.0;0.0;0.0;1.0;0.0
2972.0;341.0;1.0;0.0;0.0;3.0;0.0;0.0;1.0;0.0
2971.0;1642.0;1.0;1.0;0.0;0.0;1.0;1.0;0.0;1.0
2971.0;12708.0;1.0;1.0;0.0;1.0;0.0;1.0;1.0;0.0
2971.0;2558056.0;1.0;0.0;0.0;0.0;0.0;0.0;1.0;0.0
2970.0;3504.0;1.0;0.0;0.0;2.0;0.0;0.0;1.0;0.0
2969.0;1263723.0;4.0;0.0;0.0;0.0;0.0;0.0;4.0;0.0
2969.0;58.0;1.0;1.0;0.0;0.0;0.0;1.0;1.0;0.0
2969.0;335.0;1.0;1.0;0.0;0.0;1.0;1.0;1.0;1.0
2968.0;1216461.0;1.0;0.0;0.0;2.0;1.0;1.0;1.0;1.0
2967.0;135242.0;1.0;1.0;0.0;0.0;0.0;1.0;1.0;0.0
2967.0;2081.0;1.0;0.0;0.0;0.0;0.0;2.0;1.0;0.0
2967.0;648.0;1.0;0.0;0.0;1.0;0.0;1.0;1.0;0.0
2966.0;73019.0;1.0;0.0;0.0;0.0;0.0;0.0;1.0;0.0
2966.0;24451.0;1.0;0.0;0.0;0.0;0.0;0.0;0.0;0.0
2964.0;1835.0;1.0;0.0;0.0;0.0;0.0;0.0;1.0;0.0
2964.0;149.0;1.0;0.0;0.0;0.0;0.0;0.0;1.0;0.0
2964.0;54933.0;1.0;1.0;0.0;0.0;0.0;1.0;1.0;0.0
2963.0;4661.0;1.0;1.0;0.0;0.0;0.0;1.0;0.0;0.0
2963.0;964.0;1.0;1.0;0.0;2.0;1.0;1.0;1.0;1.0
2963.0;2658.0;1.0;1.0;0.0;0.0;0.0;1.0;0.0;0.0
2962.0;602.0;1.0;0.0;0.0;0.0;0.0;0.0;1.0;0.0
2962.0;1808.0;16.0;0.0;0.0;0.0;0.0;0.0;16.0;0.0
2961.0;883.0;1.0;0.0;0.0;1.0;0.0;0.0;1.0;0.0
2961.0;29681.0;1.0;0.0;0.0;0.0;0.0;0.0;1.0;0.0
2960.0;15169.0;1.0;0.0;0.0;0.0;0.0;5.0;0.0;0.0
2959.0;43.0;1.0;1.0;0.0;0.0;0.0;1.0;1.0;0.0
2958.0;2272.0;1.0;0.0;0.0;0.0;0.0;0.0;1.0;0.0
2957.0;2220.0;1.0;0.0;0.0;3.0;0.0;0.0;1.0;0.0
2957.0;2473.0;1.0;0.0;0.0;0.0;0.0;0.0;1.0;0.0
2956.0;265.0;1.0;0.0;0.0;0.0;0.0;2.0;1.0;0.0
2956.0;1877562.0;1.0;0.0;0.0;0.0;0.0;0.0;1.0;0.0
2956.0;977.0;1.0;0.0;0.0;0.0;0.0;0.0;0.0;0.0
2956.0;186.0;1.0;0.0;0.0;0.0;0.0;1.0;1.0;0.0
2956.0;212.0;1.0;1.0;0.0;0.0;0.0;1.0;1.0;0.0
2956.0;7261.0;1.0;1.0;0.0;0.0;1.0;1.0;1.0;1.0
2955.0;47.0;1.0;0.0;0.0;0.0;0.0;5.0;0.0;0.0
2955.0;4555.0;4.0;0.0;0.0;0.0;0.0;2.0;0.0;0.0
2953.0;134.0;1.0;0.0;0.0;0.0;0.0;0.0;1.0;0.0
2953.0;116.0;1.0;1.0;0.0;2.0;0.0;1.0;1.0;0.0
2953.0;397.0;1.0;1.0;0.0;0.0;1.0;1.0;0.0;1.0
2953.0;1539.0;4.0;4.0;0.0;0.0;2.0;4.0;2.0;2.0
2953.0;208.0;1.0;1.0;0.0;0.0;0.0;1.0;0.0;0.0
2953.0;23.0;1.0;1.0;0.0;2.0;0.0;1.0;1.0;0.0
2952.0;2719.0;1.0;0.0;0.0;1.0;1.0;0.0;1.0;1.0
2952.0;6.0;1.0;0.0;0.0;0.0;0.0;1.0;1.0;0.0
2951.0;2192.0;1.0;0.0;0.0;0.0;0.0;0.0;1.0;0.0
2951.0;945.0;1.0;0.0;0.0;0.0;0.0;0.0;0.0;0.0
2951.0;1269.0;1.0;0.0;0.0;0.0;0.0;0.0;1.0;0.0
2951.0;17823.0;1.0;0.0;0.0;2.0;1.0;0.0;1.0;4.0
2950.0;777.0;4.0;4.0;0.0;2.0;2.0;4.0;4.0;2.0
2949.0;1020.0;1.0;0.0;0.0;0.0;0.0;1.0;0.0;0.0
2949.0;1862.0;1.0;1.0;0.0;0.0;0.0;1.0;1.0;0.0
2948.0;2110.0;1.0;0.0;0.0;0.0;0.0;0.0;2.0;0.0
2947.0;289.0;1.0;0.0;0.0;0.0;0.0;0.0;1.0;0.0
2947.0;422.0;1.0;0.0;0.0;0.0;0.0;0.0;0.0;0.0
2947.0;1046.0;1.0;1.0;0.0;0.0;0.0;1.0;1.0;0.0
2945.0;4159.0;1.0;0.0;0.0;1.0;1.0;0.0;1.0;1.0
2944.0;110.0;1.0;1.0;0.0;0.0;0.0;1.0;1.0;0.0
2944.0;331.0;1.0;0.0;0.0;0.0;0.0;4.0;1.0;0.0
2943.0;2660.0;1.0;0.0;0.0;0.0;0.0;0.0;1.0;0.0
2943.0;1534.0;1.0;1.0;0.0;1.0;0.0;1.0;0.0;0.0
2942.0;2346.0;1.0;0.0;0.0;1.0;0.0;0.0;1.0;0.0
2941.0;4090.0;1.0;0.0;0.0;0.0;1.0;0.0;1.0;1.0
2941.0;311.0;4.0;0.0;0.0;0.0;0.0;12.0;4.0;0.0
2940.0;2582.0;1.0;1.0;0.0;1.0;0.0;1.0;1.0;0.0
2939.0;132398.0;1.0;0.0;0.0;0.0;0.0;0.0;1.0;0.0
2939.0;64.0;1.0;0.0;0.0;0.0;0.0;0.0;1.0;0.0
2938.0;1757183.0;1.0;0.0;0.0;1.0;0.0;0.0;1.0;0.0
2937.0;6671.0;1.0;0.0;0.0;0.0;0.0;2.0;0.0;0.0
2936.0;3280.0;1.0;1.0;0.0;4.0;0.0;2.0;1.0;0.0
2933.0;17900.0;1.0;0.0;0.0;0.0;1.0;0.0;1.0;1.0
2931.0;23115.0;1.0;0.0;0.0;0.0;0.0;0.0;1.0;0.0
2931.0;2130.0;1.0;0.0;0.0;0.0;1.0;0.0;1.0;3.0
2930.0;471.0;1.0;0.0;0.0;2.0;1.0;0.0;0.0;1.0
2929.0;549.0;1.0;0.0;0.0;2.0;0.0;0.0;1.0;0.0
2928.0;239.0;1.0;1.0;0.0;0.0;0.0;1.0;1.0;0.0
2928.0;1027.0;1.0;1.0;0.0;0.0;0.0;1.0;1.0;0.0
2928.0;5240.0;1.0;1.0;0.0;3.0;0.0;3.0;1.0;0.0
2927.0;627.0;1.0;0.0;0.0;5.0;1.0;0.0;1.0;1.0
2927.0;42.0;4.0;2.0;0.0;0.0;0.0;8.0;4.0;0.0
2927.0;875.0;1.0;0.0;0.0;0.0;0.0;0.0;1.0;0.0
2926.0;5575.0;1.0;1.0;0.0;1.0;0.0;2.0;0.0;0.0
2926.0;2791.0;1.0;1.0;0.0;0.0;0.0;1.0;1.0;0.0
2926.0;40.0;1.0;1.0;0.0;0.0;0.0;2.0;0.0;0.0
2925.0;894.0;1.0;1.0;0.0;1.0;0.0;1.0;1.0;0.0
2922.0;52331.0;1.0;0.0;0.0;0.0;0.0;0.0;1.0;0.0
2922.0;46520.0;1.0;0.0;0.0;1.0;0.0;1.0;1.0;0.0
2922.0;10217.0;1.0;0.0;0.0;0.0;0.0;0.0;1.0;0.0
2922.0;4208.0;1.0;0.0;0.0;0.0;0.0;0.0;1.0;0.0
2921.0;3112.0;1.0;0.0;0.0;0.0;0.0;0.0;1.0;0.0
2921.0;257.0;1.0;1.0;0.0;1.0;0.0;1.0;0.0;0.0
2918.0;253.0;1.0;1.0;0.0;0.0;0.0;1.0;0.0;0.0
2918.0;95.0;4.0;4.0;0.0;0.0;0.0;4.0;2.0;0.0
2918.0;593.0;1.0;1.0;0.0;0.0;0.0;1.0;1.0;0.0
2917.0;6762.0;1.0;1.0;0.0;5.0;1.0;1.0;1.0;1.0
2916.0;445.0;1.0;1.0;0.0;0.0;0.0;1.0;1.0;0.0
2916.0;188.0;1.0;0.0;0.0;0.0;0.0;1.0;1.0;0.0
2915.0;36.0;1.0;0.0;0.0;0.0;0.0;1.0;0.0;0.0
2915.0;160.0;1.0;1.0;0.0;1.0;0.0;2.0;1.0;0.0
2914.0;6781.0;1.0;0.0;0.0;0.0;0.0;8.0;1.0;0.0
2914.0;384.0;1.0;0.0;0.0;0.0;0.0;0.0;1.0;0.0
2913.0;23.0;1.0;1.0;0.0;0.0;0.0;2.0;0.0;0.0
2912.0;1248.0;1.0;1.0;0.0;0.0;0.0;1.0;1.0;0.0
2912.0;2585.0;1.0;1.0;0.0;1.0;1.0;1.0;1.0;1.0
2911.0;4632.0;1.0;1.0;0.0;0.0;0.0;1.0;1.0;0.0
2911.0;50.0;1.0;0.0;0.0;0.0;0.0;2.0;0.0;0.0
2911.0;841.0;1.0;0.0;0.0;0.0;0.0;1.0;1.0;0.0
2910.0;571.0;1.0;1.0;0.0;0.0;0.0;1.0;1.0;0.0
2909.0;35830.0;1.0;0.0;0.0;4.0;1.0;0.0;0.0;1.0
2908.0;1745.0;1.0;0.0;0.0;1.0;0.0;0.0;1.0;0.0
2907.0;2511722.0;1.0;0.0;0.0;1.0;0.0;0.0;1.0;0.0
2907.0;877.0;1.0;1.0;0.0;0.0;1.0;2.0;0.0;1.0
2907.0;162.0;1.0;0.0;0.0;6.0;0.0;1.0;1.0;0.0
2907.0;6573.0;1.0;0.0;0.0;0.0;0.0;0.0;0.0;0.0
2906.0;1682.0;1.0;0.0;0.0;0.0;0.0;0.0;1.0;0.0
2906.0;619.0;1.0;0.0;0.0;7.0;0.0;0.0;1.0;0.0
2906.0;58.0;1.0;1.0;0.0;1.0;0.0;1.0;0.0;0.0
2906.0;4624.0;4.0;4.0;0.0;4.0;2.0;4.0;4.0;2.0
2905.0;3250.0;1.0;0.0;0.0;0.0;0.0;0.0;1.0;0.0
2905.0;512.0;1.0;0.0;0.0;1.0;0.0;0.0;1.0;0.0
2905.0;208.0;1.0;0.0;0.0;0.0;0.0;1.0;1.0;0.0
2905.0;36.0;1.0;1.0;0.0;0.0;0.0;1.0;0.0;0.0
2904.0;744.0;1.0;0.0;0.0;0.0;0.0;0.0;0.0;0.0
2904.0;67.0;1.0;0.0;0.0;0.0;0.0;1.0;0.0;0.0
2903.0;936.0;1.0;1.0;0.0;0.0;1.0;1.0;0.0;4.0
2903.0;406.0;1.0;0.0;0.0;8.0;0.0;0.0;1.0;0.0
2902.0;32988.0;4.0;0.0;0.0;8.0;0.0;0.0;8.0;0.0
2902.0;545.0;1.0;0.0;0.0;0.0;0.0;0.0;0.0;0.0
2901.0;1247.0;1.0;0.0;0.0;0.0;0.0;0.0;0.0;0.0
2901.0;133523.0;4.0;0.0;0.0;0.0;4.0;4.0;4.0;4.0
2901.0;1223.0;1.0;1.0;0.0;2.0;0.0;1.0;0.0;0.0
2901.0;7740.0;1.0;0.0;0.0;5.0;0.0;3.0;1.0;0.0
2901.0;583.0;1.0;0.0;0.0;0.0;0.0;0.0;0.0;0.0
2900.0;48.0;4.0;4.0;0.0;6.0;0.0;4.0;2.0;0.0
2900.0;2461.0;1.0;1.0;0.0;1.0;0.0;1.0;1.0;0.0
2899.0;158.0;1.0;0.0;0.0;0.0;0.0;0.0;0.0;0.0
2899.0;115468.0;1.0;0.0;0.0;0.0;0.0;0.0;0.0;0.0
2896.0;379.0;1.0;1.0;0.0;1.0;0.0;1.0;0.0;0.0
2895.0;1260.0;1.0;0.0;0.0;0.0;0.0;0.0;1.0;0.0
2894.0;998.0;4.0;0.0;0.0;0.0;2.0;0.0;2.0;8.0
2894.0;614.0;1.0;0.0;0.0;0.0;0.0;1.0;0.0;0.0
2892.0;407.0;1.0;1.0;0.0;0.0;0.0;1.0;1.0;0.0
2892.0;432.0;1.0;1.0;0.0;0.0;0.0;1.0;1.0;0.0
2891.0;255.0;1.0;1.0;0.0;0.0;0.0;1.0;1.0;0.0
2891.0;61.0;1.0;0.0;0.0;0.0;0.0;2.0;1.0;0.0
2891.0;3091.0;1.0;0.0;0.0;0.0;0.0;0.0;1.0;0.0
2891.0;303.0;1.0;0.0;0.0;0.0;0.0;0.0;1.0;0.0
2891.0;108.0;1.0;1.0;0.0;0.0;0.0;2.0;1.0;0.0
2890.0;8872.0;1.0;0.0;0.0;0.0;1.0;0.0;0.0;1.0
2890.0;1589.0;1.0;0.0;0.0;0.0;0.0;0.0;0.0;0.0
2889.0;46.0;4.0;0.0;0.0;0.0;0.0;0.0;4.0;0.0
2889.0;9333.0;1.0;0.0;0.0;0.0;0.0;1.0;1.0;0.0
2888.0;284.0;1.0;1.0;0.0;3.0;0.0;1.0;0.0;0.0
2888.0;20457.0;1.0;0.0;0.0;0.0;1.0;0.0;1.0;1.0
2887.0;321.0;1.0;0.0;0.0;0.0;0.0;0.0;1.0;0.0
2886.0;2365.0;1.0;0.0;0.0;1.0;0.0;0.0;0.0;0.0
2886.0;60.0;1.0;1.0;0.0;0.0;0.0;1.0;0.0;0.0
2884.0;1694.0;1.0;1.0;0.0;0.0;0.0;1.0;0.0;0.0
2884.0;273.0;1.0;1.0;0.0;2.0;0.0;2.0;1.0;0.0
2883.0;8870.0;1.0;0.0;0.0;2.0;0.0;0.0;1.0;0.0
2883.0;4072.0;1.0;0.0;0.0;0.0;0.0;1.0;1.0;0.0
2883.0;334.0;1.0;0.0;0.0;0.0;0.0;0.0;1.0;0.0
2883.0;300.0;1.0;0.0;0.0;0.0;0.0;0.0;0.0;0.0
2881.0;542.0;1.0;0.0;0.0;0.0;0.0;0.0;1.0;0.0
2881.0;2245.0;1.0;0.0;0.0;0.0;0.0;1.0;1.0;0.0
2881.0;1813.0;1.0;0.0;0.0;1.0;0.0;0.0;1.0;0.0
2881.0;797.0;1.0;0.0;0.0;2.0;0.0;0.0;1.0;0.0
2880.0;327.0;1.0;0.0;0.0;0.0;0.0;0.0;1.0;0.0
2880.0;981.0;1.0;0.0;0.0;0.0;0.0;3.0;1.0;0.0
2879.0;592.0;4.0;2.0;0.0;2.0;0.0;6.0;2.0;0.0
2879.0;5420.0;1.0;0.0;0.0;0.0;0.0;0.0;1.0;0.0
2878.0;84.0;9.0;9.0;0.0;6.0;3.0;9.0;9.0;3.0
2878.0;4519.0;1.0;0.0;0.0;0.0;0.0;1.0;1.0;0.0
2878.0;2644.0;1.0;0.0;0.0;0.0;0.0;1.0;2.0;0.0
2876.0;397.0;1.0;0.0;0.0;0.0;0.0;1.0;1.0;0.0
2875.0;700.0;1.0;1.0;0.0;0.0;1.0;1.0;1.0;1.0
2875.0;4592.0;1.0;0.0;0.0;0.0;0.0;0.0;1.0;0.0
2874.0;569.0;1.0;1.0;0.0;0.0;0.0;6.0;1.0;0.0
2874.0;847.0;1.0;0.0;0.0;0.0;0.0;0.0;1.0;0.0
2874.0;676.0;1.0;1.0;0.0;0.0;0.0;1.0;1.0;0.0
2873.0;284.0;1.0;0.0;0.0;0.0;0.0;1.0;0.0;0.0
2873.0;169.0;1.0;1.0;0.0;0.0;0.0;1.0;1.0;0.0
2872.0;897.0;1.0;1.0;0.0;0.0;0.0;1.0;1.0;0.0
2872.0;207.0;1.0;1.0;0.0;2.0;0.0;1.0;1.0;0.0
2872.0;348.0;1.0;0.0;0.0;0.0;0.0;1.0;0.0;0.0
2871.0;272.0;1.0;1.0;0.0;3.0;0.0;1.0;1.0;0.0
2871.0;397.0;1.0;1.0;0.0;1.0;0.0;1.0;1.0;0.0
2871.0;89.0;1.0;0.0;0.0;0.0;0.0;0.0;1.0;0.0
2870.0;217459.0;1.0;0.0;0.0;3.0;0.0;1.0;1.0;0.0
2868.0;108601.0;1.0;0.0;0.0;2.0;0.0;0.0;1.0;0.0
2868.0;1683.0;1.0;1.0;0.0;0.0;0.0;1.0;1.0;0.0
2867.0;1181.0;1.0;1.0;0.0;0.0;1.0;1.0;0.0;2.0
2867.0;1379.0;4.0;4.0;0.0;0.0;2.0;4.0;2.0;2.0
2867.0;228.0;1.0;0.0;0.0;0.0;0.0;2.0;1.0;0.0
2867.0;170.0;1.0;0.0;0.0;0.0;0.0;1.0;0.0;0.0
2866.0;58.0;4.0;0.0;0.0;12.0;0.0;4.0;4.0;0.0
2866.0;5623.0;1.0;0.0;0.0;0.0;0.0;0.0;1.0;0.0
2865.0;265.0;1.0;0.0;0.0;0.0;0.0;0.0;1.0;0.0
2865.0;821.0;1.0;1.0;0.0;0.0;0.0;1.0;1.0;0.0
2863.0;724.0;1.0;0.0;0.0;1.0;0.0;1.0;0.0;0.0
2863.0;10370.0;1.0;1.0;0.0;1.0;0.0;1.0;1.0;0.0
2863.0;74.0;1.0;0.0;0.0;1.0;0.0;1.0;1.0;0.0
2861.0;541.0;1.0;0.0;0.0;0.0;1.0;1.0;0.0;1.0
2858.0;890.0;1.0;0.0;0.0;2.0;0.0;0.0;1.0;0.0
2857.0;52.0;1.0;1.0;0.0;0.0;0.0;3.0;1.0;0.0
2857.0;2138.0;1.0;1.0;0.0;0.0;1.0;1.0;0.0;4.0
2856.0;5451.0;1.0;1.0;0.0;0.0;0.0;1.0;1.0;0.0
2854.0;601.0;1.0;1.0;0.0;0.0;0.0;1.0;0.0;0.0
2853.0;6195.0;1.0;0.0;0.0;0.0;0.0;0.0;1.0;0.0
2851.0;604841.0;1.0;0.0;0.0;0.0;0.0;0.0;1.0;0.0
2849.0;4201.0;1.0;1.0;0.0;0.0;0.0;1.0;1.0;0.0
2849.0;41.0;1.0;1.0;0.0;2.0;0.0;1.0;1.0;0.0
2848.0;993.0;1.0;1.0;0.0;0.0;0.0;1.0;1.0;0.0
2848.0;136.0;1.0;0.0;0.0;0.0;0.0;0.0;1.0;0.0
2846.0;2539557.0;1.0;0.0;0.0;0.0;1.0;0.0;1.0;1.0
2843.0;143.0;1.0;1.0;0.0;1.0;1.0;2.0;0.0;1.0
2843.0;4414.0;1.0;1.0;0.0;0.0;0.0;1.0;0.0;0.0
2843.0;576.0;1.0;0.0;0.0;5.0;0.0;0.0;1.0;0.0
2842.0;191750.0;1.0;0.0;0.0;3.0;1.0;0.0;0.0;1.0
2840.0;9294.0;1.0;0.0;0.0;0.0;0.0;0.0;1.0;0.0
2840.0;5069.0;1.0;0.0;0.0;0.0;1.0;1.0;1.0;1.0
2840.0;131.0;1.0;1.0;0.0;0.0;1.0;2.0;0.0;1.0
2840.0;112.0;1.0;1.0;0.0;0.0;1.0;1.0;1.0;1.0
2839.0;288.0;1.0;0.0;0.0;0.0;0.0;0.0;1.0;0.0
2838.0;3883.0;4.0;0.0;0.0;4.0;0.0;0.0;4.0;0.0
2838.0;864.0;1.0;1.0;0.0;1.0;0.0;1.0;2.0;0.0
2837.0;218.0;9.0;3.0;0.0;12.0;0.0;12.0;0.0;0.0
2837.0;718.0;1.0;0.0;0.0;0.0;0.0;3.0;0.0;0.0
2837.0;1430.0;1.0;0.0;0.0;0.0;0.0;0.0;1.0;0.0
2837.0;23403.0;1.0;1.0;0.0;0.0;1.0;1.0;0.0;1.0
2837.0;2519.0;1.0;1.0;0.0;2.0;0.0;1.0;1.0;0.0
2836.0;354.0;1.0;0.0;0.0;0.0;0.0;0.0;0.0;0.0
2836.0;219.0;4.0;4.0;0.0;0.0;0.0;4.0;4.0;0.0
2836.0;5726.0;1.0;0.0;0.0;0.0;1.0;0.0;1.0;1.0
2836.0;639.0;1.0;1.0;0.0;2.0;1.0;3.0;0.0;1.0
2835.0;290.0;1.0;0.0;0.0;0.0;0.0;1.0;1.0;0.0
2835.0;205.0;1.0;0.0;0.0;1.0;0.0;1.0;1.0;0.0
2832.0;944.0;4.0;4.0;0.0;0.0;2.0;4.0;4.0;2.0
2832.0;5129.0;1.0;1.0;0.0;0.0;0.0;1.0;1.0;0.0
2829.0;3449.0;1.0;0.0;0.0;6.0;0.0;0.0;1.0;0.0
2829.0;7397.0;1.0;1.0;0.0;0.0;0.0;1.0;0.0;0.0
2828.0;2056.0;1.0;1.0;0.0;3.0;1.0;1.0;0.0;1.0
2828.0;1242.0;4.0;0.0;0.0;0.0;0.0;0.0;4.0;0.0
2828.0;174.0;1.0;1.0;0.0;3.0;1.0;1.0;0.0;1.0
2827.0;327.0;4.0;0.0;0.0;16.0;2.0;2.0;2.0;4.0
2827.0;1234.0;1.0;1.0;0.0;3.0;1.0;1.0;0.0;1.0
2826.0;189.0;4.0;0.0;0.0;0.0;2.0;4.0;4.0;2.0
2826.0;4433.0;1.0;1.0;0.0;1.0;0.0;2.0;1.0;0.0
2825.0;1869.0;1.0;0.0;0.0;4.0;0.0;0.0;1.0;0.0
2825.0;837.0;1.0;1.0;0.0;0.0;0.0;1.0;1.0;0.0
2824.0;28784.0;4.0;0.0;0.0;0.0;0.0;0.0;4.0;0.0
2824.0;399.0;1.0;1.0;0.0;2.0;0.0;1.0;1.0;0.0
2824.0;200.0;1.0;0.0;0.0;0.0;0.0;1.0;0.0;0.0
2823.0;5846.0;1.0;0.0;0.0;0.0;0.0;0.0;1.0;0.0
2823.0;37.0;1.0;0.0;0.0;0.0;0.0;2.0;0.0;0.0
2822.0;359.0;1.0;1.0;0.0;2.0;0.0;1.0;1.0;0.0
2822.0;10453.0;1.0;0.0;0.0;1.0;0.0;3.0;1.0;0.0
2820.0;209.0;1.0;1.0;0.0;0.0;0.0;1.0;1.0;0.0
2819.0;4177.0;9.0;0.0;0.0;0.0;9.0;0.0;0.0;9.0
2818.0;283.0;1.0;1.0;0.0;0.0;0.0;1.0;0.0;0.0
2818.0;23161.0;1.0;0.0;0.0;2.0;1.0;1.0;0.0;1.0
2818.0;1447.0;1.0;0.0;0.0;0.0;0.0;1.0;1.0;0.0
2817.0;187.0;1.0;0.0;0.0;3.0;0.0;0.0;1.0;0.0
2817.0;1222.0;1.0;1.0;0.0;0.0;0.0;1.0;1.0;0.0
2817.0;3448.0;1.0;0.0;0.0;0.0;0.0;0.0;1.0;0.0
2817.0;131.0;1.0;0.0;0.0;1.0;0.0;0.0;1.0;0.0
2815.0;8970.0;1.0;1.0;0.0;1.0;0.0;2.0;0.0;0.0
2815.0;161.0;1.0;0.0;0.0;1.0;0.0;0.0;0.0;0.0
2815.0;93.0;1.0;1.0;0.0;1.0;0.0;1.0;1.0;0.0
2814.0;332.0;1.0;0.0;0.0;0.0;0.0;0.0;1.0;0.0
2813.0;1477.0;1.0;0.0;0.0;0.0;0.0;0.0;1.0;0.0
2812.0;1305.0;1.0;1.0;0.0;0.0;0.0;1.0;1.0;0.0
2811.0;1730.0;1.0;1.0;0.0;0.0;0.0;1.0;1.0;0.0
2811.0;3248.0;4.0;0.0;0.0;32.0;0.0;0.0;4.0;0.0
2811.0;685.0;1.0;0.0;0.0;3.0;0.0;0.0;1.0;0.0
2810.0;11075.0;1.0;1.0;0.0;0.0;0.0;1.0;1.0;0.0
2809.0;1585.0;1.0;1.0;0.0;1.0;0.0;1.0;1.0;0.0
2807.0;627.0;1.0;0.0;0.0;1.0;1.0;1.0;0.0;4.0
2807.0;4188.0;1.0;0.0;0.0;0.0;0.0;0.0;1.0;0.0
2807.0;4871.0;1.0;0.0;0.0;0.0;1.0;0.0;1.0;1.0
2806.0;6326.0;1.0;0.0;0.0;0.0;1.0;0.0;1.0;1.0
2805.0;1794.0;1.0;0.0;0.0;2.0;0.0;4.0;1.0;0.0
2804.0;5858.0;4.0;0.0;0.0;0.0;0.0;4.0;4.0;0.0
2804.0;13984.0;1.0;0.0;0.0;0.0;0.0;0.0;1.0;0.0
2804.0;2844.0;1.0;0.0;0.0;0.0;0.0;0.0;1.0;0.0
2804.0;181.0;1.0;1.0;0.0;0.0;0.0;1.0;1.0;0.0
2803.0;683.0;1.0;1.0;0.0;2.0;0.0;3.0;1.0;0.0
2802.0;41504.0;1.0;1.0;0.0;0.0;0.0;1.0;1.0;0.0
2802.0;3552.0;1.0;0.0;0.0;0.0;0.0;0.0;1.0;0.0
2802.0;115.0;4.0;2.0;0.0;4.0;0.0;18.0;4.0;0.0
2801.0;14771.0;1.0;1.0;0.0;3.0;0.0;1.0;0.0;0.0
2801.0;14674.0;1.0;0.0;0.0;0.0;0.0;1.0;0.0;0.0
2801.0;1016.0;1.0;1.0;0.0;1.0;0.0;1.0;1.0;0.0
2801.0;2916919.0;1.0;0.0;0.0;0.0;1.0;0.0;1.0;1.0
2800.0;12532.0;1.0;0.0;0.0;0.0;0.0;1.0;1.0;0.0
2800.0;269.0;1.0;0.0;0.0;0.0;0.0;1.0;1.0;0.0
2800.0;106.0;9.0;9.0;0.0;9.0;9.0;9.0;0.0;18.0
2800.0;4064.0;1.0;0.0;0.0;1.0;0.0;0.0;1.0;0.0
2800.0;7.0;1.0;1.0;0.0;2.0;0.0;1.0;1.0;0.0
2797.0;65.0;1.0;0.0;0.0;1.0;0.0;1.0;1.0;0.0
2796.0;1477.0;1.0;1.0;0.0;0.0;0.0;1.0;0.0;0.0
2795.0;4797.0;1.0;0.0;0.0;0.0;1.0;0.0;1.0;1.0
2795.0;341.0;1.0;1.0;0.0;0.0;0.0;1.0;0.0;0.0
2794.0;531.0;1.0;0.0;0.0;0.0;0.0;2.0;0.0;0.0
2794.0;1384.0;1.0;1.0;0.0;3.0;0.0;1.0;1.0;0.0
2794.0;1992.0;1.0;0.0;0.0;0.0;0.0;0.0;1.0;0.0
2793.0;54.0;1.0;1.0;0.0;0.0;0.0;2.0;1.0;0.0
2791.0;5571.0;1.0;0.0;0.0;0.0;0.0;0.0;1.0;0.0
2791.0;1807.0;1.0;1.0;0.0;0.0;0.0;1.0;1.0;0.0
2790.0;402.0;1.0;0.0;0.0;0.0;0.0;0.0;1.0;0.0
2790.0;562.0;1.0;0.0;0.0;0.0;1.0;1.0;1.0;1.0
2790.0;1519.0;1.0;1.0;0.0;0.0;0.0;1.0;0.0;0.0
2785.0;247.0;1.0;0.0;0.0;0.0;0.0;0.0;1.0;0.0
2785.0;3564.0;1.0;0.0;0.0;2.0;1.0;1.0;0.0;1.0
2785.0;9265.0;1.0;1.0;0.0;2.0;1.0;2.0;0.0;1.0
2785.0;371.0;1.0;1.0;0.0;0.0;0.0;9.0;1.0;0.0
2783.0;162.0;1.0;1.0;0.0;0.0;0.0;1.0;1.0;0.0
2783.0;378047.0;1.0;0.0;0.0;0.0;0.0;1.0;1.0;0.0
2782.0;2421.0;4.0;4.0;0.0;0.0;0.0;4.0;0.0;0.0
2782.0;508.0;1.0;1.0;0.0;0.0;1.0;1.0;1.0;1.0
2782.0;5454.0;1.0;1.0;0.0;0.0;0.0;2.0;0.0;0.0
2782.0;3939.0;1.0;1.0;0.0;0.0;0.0;1.0;1.0;0.0
2782.0;18486.0;1.0;0.0;0.0;2.0;1.0;0.0;1.0;1.0
2781.0;319.0;1.0;1.0;0.0;0.0;1.0;1.0;0.0;1.0
2780.0;360.0;1.0;1.0;0.0;0.0;0.0;1.0;1.0;0.0
2779.0;154.0;1.0;0.0;0.0;0.0;0.0;2.0;0.0;0.0
2778.0;171.0;1.0;1.0;0.0;2.0;0.0;1.0;2.0;0.0
2776.0;623.0;1.0;0.0;0.0;0.0;0.0;0.0;1.0;0.0
2775.0;147.0;1.0;1.0;0.0;0.0;0.0;1.0;1.0;0.0
2773.0;9666.0;1.0;1.0;0.0;0.0;1.0;1.0;1.0;1.0
2773.0;7113.0;1.0;0.0;0.0;0.0;0.0;0.0;1.0;0.0
2772.0;937.0;1.0;0.0;0.0;0.0;0.0;0.0;1.0;0.0
2770.0;970.0;1.0;1.0;0.0;0.0;0.0;1.0;0.0;0.0
2765.0;98.0;1.0;1.0;0.0;0.0;0.0;1.0;0.0;0.0
2765.0;4435.0;1.0;0.0;0.0;2.0;0.0;0.0;1.0;0.0
2764.0;751.0;1.0;1.0;0.0;0.0;0.0;1.0;0.0;0.0
2763.0;223.0;1.0;1.0;0.0;0.0;1.0;1.0;1.0;1.0
2763.0;642.0;1.0;1.0;0.0;0.0;0.0;1.0;1.0;0.0
2762.0;186.0;100.0;0.0;0.0;300.0;100.0;0.0;100.0;100.0
2762.0;63.0;1.0;1.0;0.0;0.0;0.0;1.0;0.0;0.0
2762.0;1733.0;1.0;1.0;0.0;0.0;0.0;1.0;1.0;0.0
2761.0;96659.0;9.0;9.0;0.0;3.0;0.0;9.0;9.0;0.0
2760.0;2623.0;1.0;1.0;0.0;0.0;0.0;1.0;0.0;0.0
2759.0;888.0;1.0;0.0;0.0;0.0;0.0;1.0;1.0;0.0
2758.0;2512.0;1.0;0.0;0.0;3.0;0.0;0.0;1.0;0.0
2757.0;2540.0;1.0;1.0;0.0;0.0;0.0;1.0;0.0;0.0
2755.0;27118.0;1.0;1.0;0.0;0.0;0.0;1.0;1.0;0.0
2754.0;507.0;1.0;1.0;0.0;1.0;0.0;1.0;0.0;0.0
2754.0;1127.0;1.0;1.0;0.0;4.0;0.0;1.0;1.0;0.0
2753.0;224.0;1.0;0.0;0.0;0.0;0.0;0.0;1.0;0.0
2753.0;103.0;1.0;1.0;0.0;0.0;0.0;2.0;1.0;0.0
2753.0;35.0;576.0;0.0;0.0;6336.0;0.0;0.0;576.0;0.0
2752.0;288.0;1.0;1.0;0.0;0.0;0.0;1.0;1.0;0.0
2752.0;5335.0;1.0;1.0;0.0;1.0;0.0;4.0;0.0;0.0
2752.0;4549.0;1.0;0.0;0.0;0.0;0.0;0.0;1.0;0.0
2752.0;126.0;1.0;1.0;0.0;0.0;0.0;1.0;1.0;0.0
2752.0;89.0;1.0;1.0;0.0;0.0;0.0;1.0;1.0;0.0
2748.0;158.0;1.0;1.0;0.0;0.0;0.0;1.0;0.0;0.0
2748.0;1201.0;1.0;1.0;0.0;0.0;1.0;1.0;1.0;1.0
2747.0;526.0;4.0;0.0;0.0;0.0;0.0;0.0;4.0;0.0
2747.0;11.0;1.0;1.0;0.0;2.0;1.0;1.0;0.0;1.0
2747.0;84.0;1.0;0.0;0.0;0.0;0.0;0.0;1.0;0.0
2746.0;143.0;4.0;2.0;0.0;2.0;0.0;4.0;2.0;0.0
2746.0;2675.0;1.0;0.0;0.0;0.0;0.0;0.0;2.0;0.0
2745.0;589.0;1.0;1.0;0.0;0.0;1.0;1.0;1.0;1.0
2745.0;609.0;1.0;1.0;0.0;0.0;0.0;1.0;0.0;0.0
2743.0;869.0;1.0;1.0;0.0;0.0;0.0;1.0;0.0;0.0
2743.0;1272.0;9.0;9.0;0.0;30.0;0.0;15.0;15.0;0.0
2743.0;628.0;1.0;1.0;0.0;0.0;0.0;1.0;1.0;0.0
2743.0;5292.0;1.0;0.0;0.0;1.0;0.0;0.0;0.0;0.0
2743.0;287.0;1.0;1.0;0.0;0.0;0.0;1.0;1.0;0.0
2741.0;169.0;1.0;0.0;0.0;1.0;0.0;0.0;1.0;0.0
2740.0;597.0;1.0;0.0;0.0;0.0;0.0;0.0;1.0;0.0
2740.0;379.0;16.0;0.0;0.0;0.0;16.0;0.0;16.0;16.0
2740.0;1099.0;1.0;1.0;0.0;1.0;0.0;1.0;1.0;0.0
2739.0;1373.0;1.0;1.0;0.0;1.0;0.0;1.0;1.0;0.0
2739.0;5598.0;1.0;1.0;0.0;0.0;0.0;1.0;0.0;0.0
2738.0;1380.0;1.0;1.0;0.0;3.0;0.0;1.0;1.0;0.0
2737.0;1175.0;1.0;0.0;0.0;4.0;0.0;0.0;1.0;0.0
2736.0;527.0;1.0;0.0;0.0;0.0;0.0;6.0;1.0;0.0
2735.0;853.0;16.0;0.0;0.0;0.0;0.0;0.0;16.0;0.0
2734.0;278.0;4.0;0.0;0.0;2.0;2.0;0.0;4.0;2.0
2732.0;7.0;1.0;1.0;0.0;0.0;0.0;1.0;1.0;0.0
2731.0;1.0;1.0;1.0;0.0;2.0;0.0;1.0;1.0;0.0
2731.0;1692.0;1.0;1.0;0.0;1.0;0.0;1.0;0.0;0.0
2731.0;338.0;4.0;0.0;0.0;16.0;0.0;0.0;0.0;0.0
2731.0;11833.0;1.0;1.0;0.0;1.0;0.0;2.0;0.0;0.0
2730.0;22375.0;1.0;0.0;0.0;0.0;1.0;0.0;0.0;1.0
2729.0;62.0;1.0;1.0;0.0;0.0;0.0;1.0;0.0;0.0
2728.0;519.0;1.0;1.0;0.0;0.0;0.0;1.0;1.0;0.0
2726.0;566.0;1.0;1.0;0.0;2.0;0.0;1.0;1.0;0.0
2724.0;639.0;1.0;0.0;0.0;0.0;0.0;0.0;0.0;0.0
2723.0;135.0;1.0;0.0;0.0;0.0;0.0;0.0;1.0;0.0
2723.0;199.0;4.0;0.0;0.0;0.0;0.0;4.0;4.0;0.0
2720.0;352.0;1.0;1.0;0.0;0.0;0.0;1.0;1.0;0.0
2719.0;521.0;1.0;0.0;0.0;0.0;0.0;0.0;0.0;0.0
2718.0;649.0;1.0;0.0;0.0;0.0;0.0;0.0;1.0;0.0
2713.0;2169.0;1.0;1.0;0.0;0.0;0.0;1.0;0.0;0.0
2713.0;231.0;1.0;1.0;0.0;1.0;0.0;1.0;0.0;0.0
2713.0;1679.0;1.0;1.0;0.0;0.0;0.0;1.0;1.0;0.0
2712.0;198.0;1.0;1.0;0.0;0.0;0.0;2.0;1.0;0.0
2710.0;599.0;1.0;1.0;0.0;0.0;0.0;1.0;1.0;0.0
2709.0;3023.0;1.0;0.0;0.0;0.0;0.0;1.0;0.0;0.0
2709.0;1.0;1.0;1.0;0.0;2.0;0.0;1.0;1.0;0.0
2709.0;15.0;1.0;0.0;0.0;0.0;0.0;0.0;1.0;0.0
2706.0;1368.0;1.0;0.0;0.0;0.0;0.0;0.0;1.0;0.0
2703.0;15.0;1.0;1.0;0.0;3.0;0.0;1.0;1.0;0.0
2703.0;3273.0;1.0;0.0;0.0;1.0;0.0;0.0;1.0;0.0
2703.0;29032.0;1.0;0.0;0.0;0.0;0.0;0.0;1.0;0.0
2703.0;416.0;1.0;0.0;0.0;0.0;0.0;1.0;0.0;0.0
2702.0;386.0;1.0;1.0;0.0;1.0;0.0;1.0;0.0;0.0
2702.0;6356.0;4.0;0.0;0.0;0.0;0.0;0.0;4.0;0.0
2702.0;1249386.0;1.0;0.0;0.0;0.0;0.0;0.0;1.0;0.0
2702.0;725.0;1.0;0.0;0.0;0.0;0.0;0.0;1.0;0.0
2702.0;236.0;1.0;0.0;0.0;0.0;0.0;0.0;0.0;0.0
2701.0;316.0;1.0;0.0;0.0;2.0;0.0;0.0;1.0;0.0
2701.0;1480.0;1.0;1.0;0.0;0.0;0.0;2.0;0.0;0.0
2700.0;445.0;1.0;1.0;0.0;3.0;0.0;1.0;0.0;0.0
2700.0;153.0;4.0;0.0;0.0;20.0;0.0;0.0;4.0;0.0
2700.0;133.0;25.0;25.0;0.0;40.0;0.0;25.0;20.0;0.0
2698.0;562.0;1.0;1.0;0.0;0.0;0.0;1.0;1.0;0.0
2697.0;22534.0;1.0;1.0;0.0;1.0;0.0;3.0;1.0;0.0
2696.0;523.0;1.0;0.0;0.0;0.0;0.0;0.0;1.0;0.0
2692.0;6219.0;1.0;0.0;0.0;3.0;0.0;0.0;1.0;0.0
2692.0;255.0;1.0;0.0;0.0;7.0;0.0;0.0;1.0;0.0
2692.0;541848.0;1.0;0.0;0.0;0.0;1.0;0.0;1.0;1.0
2692.0;4277.0;1.0;0.0;0.0;0.0;0.0;0.0;0.0;0.0
2692.0;14000.0;1.0;0.0;0.0;0.0;0.0;0.0;0.0;0.0
2691.0;4120.0;1.0;1.0;0.0;3.0;0.0;1.0;1.0;0.0
2690.0;1113.0;1.0;1.0;0.0;0.0;0.0;1.0;1.0;0.0
2690.0;498.0;1.0;1.0;0.0;0.0;0.0;1.0;1.0;0.0
2690.0;211.0;1.0;1.0;0.0;0.0;0.0;1.0;0.0;0.0
2689.0;3918.0;1.0;1.0;0.0;0.0;0.0;2.0;1.0;0.0
2689.0;1223.0;1.0;1.0;0.0;2.0;0.0;1.0;0.0;0.0
2688.0;2894.0;1.0;1.0;0.0;0.0;0.0;1.0;1.0;0.0
2688.0;202.0;1.0;0.0;0.0;0.0;0.0;0.0;1.0;0.0
2685.0;372.0;1.0;1.0;0.0;0.0;0.0;1.0;0.0;0.0
2685.0;276.0;1.0;1.0;0.0;1.0;1.0;1.0;0.0;1.0
2683.0;434.0;1.0;1.0;0.0;1.0;0.0;2.0;1.0;0.0
2679.0;96.0;1.0;0.0;0.0;0.0;0.0;0.0;1.0;0.0
2677.0;2623.0;1.0;1.0;0.0;0.0;0.0;1.0;0.0;0.0
2676.0;782.0;1.0;0.0;0.0;0.0;0.0;0.0;1.0;0.0
2676.0;4328.0;1.0;0.0;0.0;0.0;0.0;0.0;1.0;0.0
2676.0;5695.0;1.0;0.0;0.0;0.0;0.0;0.0;1.0;0.0
2676.0;1993.0;1.0;0.0;0.0;0.0;0.0;0.0;1.0;0.0
2675.0;279.0;1.0;1.0;0.0;0.0;0.0;1.0;1.0;0.0
2675.0;768.0;1.0;1.0;0.0;0.0;0.0;1.0;1.0;0.0
2675.0;34631.0;1.0;1.0;0.0;2.0;0.0;2.0;1.0;0.0
2674.0;16647.0;1.0;1.0;0.0;2.0;0.0;1.0;1.0;0.0
2674.0;107.0;1.0;1.0;0.0;0.0;0.0;1.0;1.0;0.0
2674.0;500.0;1.0;1.0;0.0;0.0;0.0;1.0;0.0;0.0
2671.0;58.0;1.0;0.0;0.0;2.0;0.0;0.0;1.0;0.0
2671.0;870.0;1.0;0.0;0.0;0.0;0.0;1.0;1.0;0.0
2670.0;460.0;1.0;1.0;0.0;0.0;1.0;1.0;1.0;1.0
2669.0;59.0;1.0;0.0;0.0;0.0;0.0;0.0;0.0;0.0
2669.0;4785.0;1.0;1.0;0.0;1.0;0.0;1.0;0.0;0.0
2668.0;2022.0;25.0;0.0;0.0;50.0;5.0;0.0;25.0;5.0
2668.0;1061.0;1.0;1.0;0.0;1.0;0.0;1.0;1.0;0.0
2668.0;143.0;4.0;4.0;0.0;4.0;0.0;4.0;0.0;0.0
2668.0;1581.0;1.0;0.0;0.0;1.0;0.0;0.0;1.0;0.0
2666.0;2078.0;1.0;0.0;0.0;0.0;0.0;0.0;0.0;0.0
2666.0;156.0;1.0;1.0;0.0;0.0;0.0;1.0;0.0;0.0
2665.0;17684.0;1.0;0.0;0.0;0.0;1.0;0.0;0.0;1.0
2664.0;1831.0;1.0;1.0;0.0;0.0;0.0;1.0;0.0;0.0
2664.0;423.0;1.0;1.0;0.0;1.0;1.0;1.0;1.0;1.0
2662.0;7088.0;1.0;0.0;0.0;0.0;0.0;1.0;1.0;0.0
2662.0;16194.0;1.0;1.0;0.0;0.0;0.0;1.0;0.0;0.0
2662.0;2038.0;1.0;1.0;0.0;1.0;0.0;1.0;0.0;0.0
2660.0;416.0;1.0;0.0;0.0;0.0;0.0;0.0;0.0;0.0
2660.0;907.0;1.0;1.0;0.0;0.0;0.0;1.0;1.0;0.0
2658.0;1013.0;1.0;1.0;0.0;0.0;0.0;1.0;0.0;0.0
2658.0;409.0;1.0;0.0;0.0;0.0;0.0;0.0;0.0;0.0
2657.0;1718.0;1.0;1.0;0.0;0.0;0.0;1.0;1.0;0.0
2657.0;290.0;1.0;1.0;0.0;0.0;0.0;1.0;1.0;0.0
2656.0;285.0;1.0;0.0;0.0;5.0;0.0;0.0;1.0;0.0
2655.0;39.0;1.0;1.0;0.0;0.0;1.0;1.0;0.0;1.0
2655.0;3156.0;1.0;1.0;0.0;0.0;0.0;1.0;0.0;0.0
2654.0;62.0;1.0;1.0;0.0;0.0;0.0;1.0;1.0;0.0
2654.0;92.0;1.0;0.0;0.0;0.0;0.0;0.0;1.0;0.0
2654.0;4478.0;1.0;0.0;0.0;0.0;0.0;0.0;1.0;0.0
2654.0;541.0;1.0;1.0;0.0;0.0;1.0;1.0;1.0;1.0
2654.0;1250.0;1.0;1.0;0.0;0.0;0.0;1.0;1.0;0.0
2654.0;146.0;1.0;1.0;0.0;0.0;1.0;2.0;0.0;1.0
2654.0;171.0;4.0;4.0;0.0;0.0;0.0;4.0;4.0;0.0
2653.0;1974.0;1.0;1.0;0.0;1.0;0.0;1.0;0.0;0.0
2653.0;260.0;1.0;1.0;0.0;0.0;0.0;1.0;1.0;0.0
2653.0;2825.0;1.0;1.0;0.0;0.0;0.0;1.0;1.0;0.0
2652.0;1761.0;1.0;1.0;0.0;0.0;0.0;1.0;1.0;0.0
2651.0;787.0;1.0;1.0;0.0;0.0;0.0;1.0;1.0;0.0
2651.0;33.0;1.0;1.0;0.0;1.0;1.0;1.0;0.0;1.0
2651.0;3538.0;4.0;4.0;0.0;0.0;0.0;6.0;0.0;0.0
2651.0;43.0;1.0;1.0;0.0;0.0;1.0;1.0;0.0;1.0
2651.0;5094.0;1.0;0.0;0.0;0.0;0.0;0.0;0.0;0.0
2650.0;208.0;1.0;0.0;0.0;1.0;0.0;0.0;1.0;0.0
2650.0;29451.0;4.0;4.0;0.0;0.0;2.0;22.0;2.0;2.0
2649.0;189.0;1.0;0.0;0.0;7.0;1.0;0.0;1.0;1.0
2649.0;76.0;1.0;1.0;0.0;0.0;0.0;1.0;1.0;0.0
2649.0;283.0;1.0;0.0;0.0;6.0;0.0;0.0;1.0;0.0
2649.0;2234.0;1.0;1.0;0.0;1.0;1.0;1.0;0.0;1.0
2648.0;50203.0;1.0;0.0;0.0;1.0;0.0;4.0;0.0;0.0
2647.0;461.0;1.0;1.0;0.0;1.0;0.0;2.0;0.0;0.0
2647.0;20.0;1.0;1.0;0.0;0.0;0.0;2.0;0.0;0.0
2647.0;1985.0;1.0;0.0;0.0;0.0;0.0;2.0;1.0;0.0
2646.0;6466.0;1.0;1.0;0.0;3.0;0.0;1.0;1.0;0.0
2644.0;742.0;1.0;1.0;0.0;0.0;0.0;2.0;0.0;0.0
2644.0;1042.0;1.0;1.0;0.0;0.0;0.0;2.0;0.0;0.0
2644.0;361.0;1.0;1.0;0.0;0.0;0.0;1.0;1.0;0.0
2644.0;28.0;1.0;1.0;0.0;0.0;0.0;1.0;1.0;0.0
2643.0;6612.0;1.0;0.0;0.0;0.0;0.0;1.0;1.0;0.0
2643.0;9031.0;1.0;1.0;0.0;3.0;0.0;1.0;1.0;0.0
2643.0;372.0;1.0;1.0;0.0;0.0;0.0;1.0;1.0;0.0
2643.0;131.0;1.0;0.0;0.0;0.0;0.0;0.0;1.0;0.0
2640.0;2512.0;1.0;1.0;0.0;0.0;0.0;1.0;1.0;0.0
2639.0;29.0;1.0;0.0;0.0;0.0;0.0;1.0;0.0;0.0
2638.0;3334.0;4.0;0.0;0.0;4.0;0.0;4.0;4.0;0.0
2638.0;1206.0;1.0;0.0;0.0;0.0;0.0;0.0;0.0;0.0
2637.0;4329.0;1.0;0.0;0.0;0.0;0.0;0.0;2.0;0.0
2636.0;357.0;1.0;0.0;0.0;0.0;0.0;0.0;1.0;0.0
2636.0;3379.0;1.0;1.0;0.0;0.0;0.0;1.0;1.0;0.0
2632.0;3468.0;1.0;0.0;0.0;0.0;0.0;0.0;1.0;0.0
2632.0;490.0;1.0;1.0;0.0;0.0;0.0;1.0;1.0;0.0
2630.0;934.0;1.0;1.0;0.0;0.0;0.0;1.0;1.0;0.0
2630.0;69.0;4.0;0.0;0.0;20.0;0.0;0.0;0.0;0.0
2630.0;477.0;1.0;1.0;0.0;0.0;0.0;2.0;1.0;0.0
2629.0;322.0;1.0;1.0;0.0;2.0;0.0;1.0;1.0;0.0
2628.0;61536.0;1.0;0.0;0.0;1.0;0.0;0.0;1.0;0.0
2628.0;113.0;9.0;6.0;0.0;3.0;0.0;6.0;9.0;0.0
2627.0;494.0;1.0;1.0;0.0;0.0;0.0;2.0;1.0;0.0
2626.0;447.0;1.0;1.0;0.0;0.0;0.0;1.0;1.0;0.0
2626.0;17443.0;1.0;1.0;0.0;2.0;0.0;3.0;1.0;0.0
2622.0;648.0;1.0;1.0;0.0;1.0;0.0;1.0;0.0;0.0
2621.0;321.0;1.0;1.0;0.0;0.0;0.0;2.0;1.0;0.0
2620.0;465.0;1.0;0.0;0.0;0.0;0.0;0.0;1.0;0.0
2620.0;80.0;1.0;0.0;0.0;0.0;0.0;1.0;1.0;0.0
2619.0;1284.0;1.0;1.0;0.0;1.0;0.0;1.0;1.0;0.0
2619.0;256.0;1.0;1.0;0.0;0.0;0.0;1.0;1.0;0.0
2619.0;672.0;1.0;0.0;0.0;0.0;0.0;1.0;1.0;0.0
2616.0;1256.0;1.0;1.0;0.0;0.0;0.0;1.0;1.0;0.0
2615.0;1067.0;9.0;0.0;0.0;12.0;9.0;0.0;9.0;9.0
2615.0;31.0;1.0;1.0;0.0;2.0;0.0;1.0;1.0;0.0
2615.0;4586.0;1.0;0.0;0.0;2.0;0.0;0.0;2.0;0.0
2614.0;1475.0;1.0;1.0;0.0;0.0;0.0;1.0;0.0;0.0
2614.0;13362.0;1.0;1.0;0.0;1.0;0.0;2.0;0.0;0.0
2614.0;3418.0;1.0;1.0;0.0;0.0;0.0;2.0;1.0;0.0
2613.0;465.0;1.0;0.0;0.0;1.0;0.0;0.0;1.0;0.0
2612.0;447.0;1.0;1.0;0.0;0.0;0.0;1.0;2.0;0.0
2611.0;3409.0;1.0;1.0;0.0;1.0;1.0;1.0;0.0;1.0
2611.0;2189613.0;81.0;9.0;0.0;0.0;72.0;9.0;81.0;72.0
2609.0;442.0;1.0;1.0;0.0;0.0;0.0;1.0;1.0;0.0
2609.0;116.0;1.0;0.0;0.0;1.0;0.0;7.0;0.0;0.0
2609.0;1524.0;1.0;0.0;0.0;0.0;0.0;0.0;0.0;0.0
2609.0;518.0;1.0;0.0;0.0;0.0;0.0;0.0;1.0;0.0
2609.0;254.0;1.0;0.0;0.0;0.0;0.0;1.0;1.0;0.0
2608.0;1442.0;1.0;1.0;0.0;0.0;0.0;1.0;1.0;0.0
2607.0;8292.0;1.0;0.0;0.0;2.0;0.0;0.0;2.0;0.0
2607.0;549.0;1.0;0.0;0.0;1.0;0.0;1.0;1.0;0.0
2607.0;2463.0;1.0;0.0;0.0;0.0;0.0;1.0;1.0;0.0
2607.0;651.0;1.0;1.0;0.0;0.0;1.0;1.0;1.0;1.0
2606.0;1541.0;1.0;0.0;0.0;0.0;0.0;0.0;1.0;0.0
2606.0;6005.0;1.0;0.0;0.0;1.0;0.0;0.0;0.0;0.0
2605.0;2765.0;1.0;0.0;0.0;0.0;0.0;0.0;1.0;0.0
2605.0;3995.0;1.0;0.0;0.0;1.0;0.0;1.0;1.0;0.0
2605.0;2009.0;1.0;0.0;0.0;0.0;0.0;0.0;1.0;0.0
2604.0;1211.0;1.0;0.0;0.0;0.0;0.0;0.0;0.0;0.0
2604.0;820.0;1.0;0.0;0.0;0.0;0.0;1.0;1.0;0.0
2602.0;988.0;1.0;0.0;0.0;0.0;0.0;0.0;1.0;0.0
2601.0;887.0;4.0;4.0;0.0;4.0;4.0;4.0;0.0;4.0
2600.0;663.0;1.0;1.0;0.0;1.0;0.0;1.0;1.0;0.0
2599.0;193.0;1.0;1.0;0.0;0.0;0.0;1.0;0.0;0.0
2599.0;238.0;1.0;1.0;0.0;1.0;0.0;1.0;1.0;0.0
2597.0;901.0;1.0;1.0;0.0;2.0;0.0;1.0;1.0;0.0
2596.0;199.0;1.0;1.0;0.0;3.0;1.0;1.0;0.0;1.0
2596.0;2647.0;1.0;0.0;0.0;0.0;0.0;0.0;1.0;0.0
2595.0;454.0;1.0;0.0;0.0;0.0;0.0;0.0;1.0;0.0
2595.0;26430.0;1.0;0.0;0.0;0.0;1.0;0.0;1.0;1.0
2594.0;2365.0;1.0;1.0;0.0;1.0;1.0;1.0;0.0;1.0
2593.0;474.0;1.0;1.0;0.0;0.0;0.0;1.0;0.0;0.0
2593.0;56271.0;4.0;0.0;0.0;8.0;2.0;0.0;2.0;2.0
2593.0;634.0;4.0;2.0;0.0;2.0;2.0;4.0;2.0;2.0
2592.0;17.0;1.0;0.0;0.0;0.0;0.0;1.0;1.0;0.0
2592.0;256.0;1.0;1.0;0.0;0.0;1.0;1.0;0.0;1.0
2591.0;1139.0;1.0;0.0;0.0;0.0;0.0;1.0;0.0;0.0
2591.0;3300.0;1.0;1.0;0.0;0.0;0.0;1.0;1.0;0.0
2590.0;23.0;1.0;0.0;0.0;0.0;0.0;0.0;0.0;0.0
2590.0;1302.0;1.0;1.0;0.0;0.0;0.0;1.0;0.0;0.0
2589.0;1359.0;1.0;0.0;0.0;0.0;0.0;0.0;1.0;0.0
2589.0;708.0;1.0;1.0;0.0;0.0;0.0;1.0;1.0;0.0
2589.0;3605.0;1.0;0.0;0.0;0.0;0.0;0.0;0.0;0.0
2589.0;5077.0;1.0;1.0;0.0;0.0;0.0;2.0;1.0;0.0
2588.0;60.0;1.0;1.0;0.0;0.0;0.0;2.0;0.0;0.0
2585.0;1985.0;1.0;1.0;0.0;0.0;1.0;2.0;0.0;1.0
2583.0;12171.0;1.0;0.0;0.0;0.0;0.0;0.0;1.0;0.0
2583.0;19.0;1.0;1.0;0.0;1.0;0.0;3.0;1.0;0.0
2582.0;128.0;1.0;0.0;0.0;0.0;0.0;1.0;1.0;0.0
2582.0;140.0;1.0;1.0;0.0;0.0;0.0;1.0;0.0;0.0
2582.0;536.0;1.0;1.0;0.0;1.0;1.0;1.0;1.0;1.0
2581.0;78.0;1.0;0.0;0.0;0.0;0.0;0.0;1.0;0.0
2580.0;667.0;1.0;0.0;0.0;0.0;0.0;0.0;1.0;0.0
2580.0;16710.0;1.0;1.0;0.0;0.0;0.0;1.0;0.0;0.0
2580.0;113.0;1.0;1.0;0.0;0.0;0.0;1.0;1.0;0.0
2579.0;28.0;1.0;1.0;0.0;0.0;1.0;1.0;1.0;3.0
2579.0;702.0;1.0;1.0;0.0;0.0;0.0;1.0;1.0;0.0
2577.0;39.0;1.0;1.0;0.0;2.0;0.0;1.0;1.0;0.0
2576.0;455.0;1.0;1.0;0.0;1.0;0.0;1.0;1.0;0.0
2576.0;2584.0;4.0;4.0;0.0;0.0;0.0;4.0;2.0;0.0
2576.0;1288.0;1.0;0.0;0.0;1.0;0.0;1.0;0.0;0.0
2574.0;2757.0;1.0;1.0;0.0;2.0;0.0;3.0;1.0;0.0
2574.0;2738.0;1.0;1.0;0.0;1.0;1.0;2.0;0.0;2.0
2573.0;1973.0;1.0;1.0;0.0;0.0;0.0;1.0;1.0;0.0
2573.0;747.0;1.0;0.0;0.0;5.0;0.0;3.0;1.0;0.0
2573.0;308.0;1.0;1.0;0.0;0.0;0.0;1.0;1.0;0.0
2573.0;616.0;1.0;0.0;0.0;0.0;0.0;0.0;1.0;0.0
2573.0;4089.0;1.0;0.0;0.0;0.0;0.0;2.0;0.0;0.0
2570.0;916.0;1.0;1.0;0.0;2.0;0.0;1.0;1.0;0.0
2570.0;140.0;1.0;0.0;0.0;1.0;0.0;1.0;1.0;0.0
2569.0;229.0;1.0;0.0;0.0;0.0;0.0;0.0;0.0;0.0
2568.0;86.0;1.0;1.0;0.0;0.0;0.0;2.0;1.0;0.0
2567.0;194.0;1.0;0.0;0.0;0.0;0.0;0.0;1.0;0.0
2565.0;426.0;16.0;4.0;0.0;8.0;4.0;8.0;16.0;4.0
2564.0;395.0;4.0;4.0;0.0;8.0;0.0;4.0;4.0;0.0
2564.0;384.0;1.0;0.0;0.0;0.0;0.0;0.0;1.0;0.0
2564.0;2066.0;1.0;1.0;0.0;0.0;0.0;1.0;0.0;0.0
2564.0;323.0;1.0;0.0;0.0;0.0;0.0;1.0;0.0;0.0
2563.0;122.0;1.0;1.0;0.0;3.0;0.0;1.0;1.0;0.0
2562.0;1577.0;1.0;0.0;0.0;3.0;0.0;1.0;1.0;0.0
2562.0;260.0;1.0;0.0;0.0;2.0;0.0;0.0;1.0;0.0
2559.0;166.0;1.0;0.0;0.0;3.0;0.0;0.0;1.0;0.0
2559.0;34.0;1.0;1.0;0.0;0.0;0.0;1.0;1.0;0.0
2559.0;1604.0;1.0;1.0;0.0;0.0;0.0;1.0;1.0;0.0
2558.0;874.0;1.0;1.0;0.0;1.0;1.0;1.0;1.0;1.0
2557.0;134.0;1.0;0.0;0.0;1.0;0.0;0.0;2.0;0.0
2557.0;4.0;1.0;1.0;0.0;0.0;0.0;1.0;0.0;0.0
2557.0;618.0;1.0;1.0;0.0;0.0;0.0;1.0;1.0;0.0
2556.0;665.0;1.0;0.0;0.0;1.0;0.0;0.0;0.0;0.0
2556.0;55358.0;1.0;0.0;0.0;0.0;1.0;0.0;1.0;1.0
2556.0;12864.0;1.0;0.0;0.0;1.0;1.0;0.0;0.0;1.0
2554.0;255.0;4.0;2.0;0.0;0.0;0.0;4.0;4.0;0.0
2552.0;305.0;1.0;1.0;0.0;0.0;0.0;1.0;1.0;0.0
2552.0;2682.0;1.0;1.0;0.0;0.0;1.0;1.0;0.0;1.0
2552.0;5968.0;1.0;1.0;0.0;1.0;0.0;3.0;0.0;0.0
2550.0;1451.0;1.0;0.0;0.0;0.0;0.0;2.0;0.0;0.0
2549.0;826.0;1.0;1.0;0.0;1.0;0.0;1.0;1.0;0.0
2549.0;3182.0;9.0;9.0;0.0;3.0;0.0;15.0;6.0;0.0
2549.0;1435.0;1.0;0.0;0.0;0.0;0.0;1.0;0.0;0.0
2549.0;145.0;1.0;0.0;0.0;0.0;0.0;2.0;0.0;0.0
2547.0;350.0;1.0;0.0;0.0;0.0;0.0;1.0;0.0;0.0
2546.0;2616.0;1.0;1.0;0.0;0.0;1.0;1.0;1.0;1.0
2543.0;81.0;1.0;0.0;0.0;0.0;0.0;2.0;0.0;0.0
2543.0;86.0;1.0;1.0;0.0;0.0;0.0;3.0;0.0;0.0
2542.0;608.0;1.0;0.0;0.0;0.0;0.0;0.0;1.0;0.0
2542.0;1630.0;1.0;1.0;0.0;0.0;0.0;1.0;0.0;0.0
2542.0;527.0;1.0;0.0;0.0;0.0;0.0;1.0;1.0;0.0
2540.0;268.0;4.0;4.0;0.0;0.0;4.0;4.0;0.0;16.0
2540.0;1540.0;1.0;0.0;0.0;0.0;0.0;0.0;0.0;0.0
2539.0;418.0;1.0;0.0;0.0;2.0;0.0;2.0;0.0;0.0
2537.0;2165.0;9.0;9.0;0.0;9.0;3.0;12.0;6.0;3.0
2536.0;549.0;1.0;1.0;0.0;0.0;0.0;1.0;1.0;0.0
2536.0;660.0;1.0;1.0;0.0;0.0;1.0;1.0;0.0;1.0
2536.0;655.0;4.0;0.0;0.0;0.0;0.0;0.0;0.0;0.0
2532.0;18006.0;1.0;0.0;0.0;1.0;0.0;0.0;1.0;0.0
2532.0;298.0;1.0;1.0;0.0;1.0;0.0;1.0;0.0;0.0
2531.0;31694.0;729.0;216.0;0.0;1836.0;0.0;810.0;27.0;0.0
2531.0;929.0;1.0;0.0;0.0;5.0;0.0;1.0;1.0;0.0
2531.0;748.0;1.0;0.0;0.0;0.0;0.0;0.0;1.0;0.0
2531.0;15433.0;1.0;0.0;0.0;0.0;0.0;0.0;1.0;0.0
2531.0;86.0;1.0;0.0;0.0;0.0;0.0;0.0;1.0;0.0
2529.0;689.0;4.0;4.0;0.0;0.0;0.0;4.0;4.0;0.0
2529.0;277.0;1.0;1.0;0.0;0.0;1.0;1.0;0.0;1.0
2529.0;1931.0;4.0;0.0;0.0;0.0;0.0;6.0;0.0;0.0
2528.0;134.0;1.0;1.0;0.0;0.0;1.0;1.0;1.0;1.0
2527.0;66.0;1.0;1.0;0.0;1.0;0.0;1.0;1.0;0.0
2527.0;669.0;1.0;1.0;0.0;0.0;1.0;2.0;0.0;1.0
2526.0;27350.0;1.0;0.0;0.0;1.0;0.0;0.0;1.0;0.0
2525.0;523.0;1.0;1.0;0.0;2.0;0.0;4.0;1.0;0.0
2524.0;48.0;1.0;0.0;0.0;0.0;0.0;1.0;0.0;0.0
2524.0;203.0;1.0;0.0;0.0;0.0;0.0;3.0;0.0;0.0
2524.0;106.0;1.0;0.0;0.0;2.0;0.0;0.0;1.0;0.0
2523.0;773.0;1.0;1.0;0.0;1.0;0.0;1.0;1.0;0.0
2522.0;819.0;1.0;1.0;0.0;3.0;0.0;1.0;1.0;0.0
2521.0;2003.0;1.0;1.0;0.0;0.0;0.0;1.0;1.0;0.0
2520.0;715.0;1.0;1.0;0.0;0.0;1.0;1.0;1.0;3.0
2520.0;506.0;1.0;1.0;0.0;2.0;0.0;3.0;1.0;0.0
2519.0;112.0;1.0;1.0;0.0;0.0;0.0;1.0;0.0;0.0
2518.0;102.0;4.0;4.0;0.0;2.0;0.0;4.0;0.0;0.0
2518.0;56.0;1.0;0.0;0.0;1.0;0.0;1.0;1.0;0.0
2516.0;79.0;1.0;0.0;0.0;0.0;0.0;0.0;0.0;0.0
2516.0;16496.0;1.0;0.0;0.0;0.0;0.0;0.0;1.0;0.0
2514.0;505.0;1.0;0.0;0.0;3.0;0.0;0.0;1.0;0.0
2514.0;315.0;1.0;0.0;0.0;2.0;0.0;1.0;0.0;0.0
2514.0;1162.0;1.0;1.0;0.0;0.0;0.0;1.0;1.0;0.0
2513.0;606.0;1.0;1.0;0.0;0.0;0.0;1.0;0.0;0.0
2512.0;1502.0;1.0;0.0;0.0;0.0;0.0;0.0;1.0;0.0
2511.0;15.0;1.0;1.0;0.0;2.0;0.0;1.0;1.0;0.0
2511.0;9.0;1.0;0.0;0.0;1.0;0.0;0.0;0.0;0.0
2511.0;231.0;121.0;0.0;0.0;11.0;110.0;0.0;110.0;110.0
2510.0;26.0;1.0;1.0;0.0;2.0;0.0;1.0;1.0;0.0
2510.0;2563.0;1.0;0.0;0.0;0.0;0.0;0.0;1.0;0.0
2509.0;871.0;1.0;1.0;0.0;0.0;0.0;1.0;1.0;0.0
2508.0;383.0;1.0;1.0;0.0;0.0;0.0;1.0;0.0;0.0
2506.0;283.0;1.0;1.0;0.0;0.0;0.0;1.0;0.0;0.0
2506.0;427.0;1.0;1.0;0.0;0.0;0.0;1.0;0.0;0.0
2506.0;1683.0;1.0;0.0;0.0;0.0;0.0;4.0;1.0;0.0
2506.0;3646.0;1.0;1.0;0.0;0.0;0.0;1.0;1.0;0.0
2506.0;703.0;1.0;1.0;0.0;0.0;0.0;1.0;0.0;0.0
2505.0;39.0;1.0;1.0;0.0;2.0;0.0;1.0;1.0;0.0
2505.0;2016.0;1.0;1.0;0.0;2.0;0.0;1.0;1.0;0.0
2503.0;26.0;1.0;0.0;0.0;0.0;0.0;0.0;1.0;0.0
2496.0;988.0;1.0;0.0;0.0;0.0;0.0;0.0;1.0;0.0
2495.0;363.0;1.0;1.0;0.0;0.0;0.0;1.0;1.0;0.0
2495.0;549.0;1.0;0.0;0.0;4.0;0.0;0.0;1.0;0.0
2493.0;1411.0;1.0;0.0;0.0;1.0;0.0;0.0;1.0;0.0
2492.0;173.0;1.0;1.0;0.0;0.0;0.0;1.0;1.0;0.0
2491.0;369.0;1.0;0.0;0.0;0.0;0.0;0.0;1.0;0.0
2490.0;21610.0;1.0;0.0;0.0;1.0;1.0;0.0;1.0;1.0
2489.0;28411.0;1.0;0.0;0.0;1.0;1.0;0.0;0.0;1.0
2489.0;6140.0;1.0;0.0;0.0;0.0;0.0;0.0;1.0;0.0
2488.0;68.0;1.0;1.0;0.0;0.0;0.0;1.0;1.0;0.0
2488.0;3574.0;1.0;1.0;0.0;0.0;0.0;2.0;0.0;0.0
2487.0;336.0;1.0;1.0;0.0;0.0;0.0;1.0;0.0;0.0
2486.0;18631.0;1.0;1.0;0.0;1.0;0.0;1.0;1.0;0.0
2486.0;856.0;1.0;1.0;0.0;0.0;0.0;1.0;1.0;0.0
2485.0;354.0;1.0;1.0;0.0;0.0;0.0;1.0;1.0;0.0
2484.0;744.0;1.0;0.0;0.0;0.0;0.0;0.0;1.0;0.0
2482.0;595.0;1.0;1.0;0.0;0.0;0.0;1.0;1.0;0.0
2481.0;22635.0;1.0;1.0;0.0;1.0;0.0;1.0;1.0;0.0
2481.0;624.0;1.0;0.0;0.0;2.0;0.0;0.0;1.0;0.0
2481.0;17047.0;1.0;0.0;0.0;0.0;0.0;0.0;1.0;0.0
2480.0;1582.0;1.0;1.0;0.0;0.0;1.0;1.0;0.0;1.0
2479.0;2176.0;1.0;0.0;0.0;0.0;0.0;0.0;1.0;0.0
2479.0;1617.0;1.0;1.0;0.0;2.0;0.0;1.0;1.0;0.0
2479.0;416.0;4.0;4.0;0.0;0.0;0.0;6.0;2.0;0.0
2479.0;9964.0;9.0;9.0;0.0;0.0;0.0;12.0;9.0;0.0
2478.0;144.0;1.0;1.0;0.0;0.0;1.0;1.0;0.0;1.0
2477.0;1071.0;1.0;1.0;0.0;0.0;1.0;1.0;0.0;4.0
2477.0;1062.0;1.0;1.0;0.0;0.0;0.0;5.0;1.0;0.0
2477.0;2330.0;1.0;1.0;0.0;1.0;1.0;1.0;1.0;1.0
2477.0;2639.0;1.0;0.0;0.0;0.0;0.0;1.0;1.0;0.0
2475.0;1534.0;1.0;0.0;0.0;0.0;1.0;0.0;0.0;1.0
2475.0;830.0;1.0;1.0;0.0;0.0;0.0;1.0;1.0;0.0
2474.0;192.0;1.0;0.0;0.0;0.0;0.0;0.0;1.0;0.0
2473.0;207.0;1.0;0.0;0.0;0.0;0.0;0.0;0.0;0.0
2473.0;5819.0;9.0;9.0;0.0;3.0;3.0;18.0;6.0;3.0
2473.0;64.0;1.0;0.0;0.0;0.0;0.0;0.0;1.0;0.0
2471.0;154.0;1.0;1.0;0.0;0.0;1.0;1.0;1.0;1.0
2470.0;163.0;1.0;0.0;0.0;0.0;0.0;0.0;0.0;0.0
2469.0;938.0;1.0;1.0;0.0;0.0;0.0;1.0;1.0;0.0
2463.0;1251.0;1.0;1.0;0.0;3.0;0.0;1.0;1.0;0.0
2462.0;16.0;1.0;0.0;0.0;0.0;0.0;1.0;0.0;0.0
2461.0;935.0;1.0;0.0;0.0;0.0;1.0;3.0;0.0;1.0
2460.0;52995.0;1.0;1.0;0.0;1.0;0.0;1.0;1.0;0.0
2459.0;216.0;1.0;1.0;0.0;0.0;0.0;1.0;1.0;0.0
2459.0;34.0;1.0;0.0;0.0;1.0;0.0;1.0;1.0;0.0
2459.0;1013.0;1.0;1.0;0.0;0.0;0.0;2.0;1.0;0.0
2459.0;59.0;1.0;1.0;0.0;0.0;0.0;1.0;1.0;0.0
2459.0;12978.0;1.0;1.0;0.0;1.0;0.0;1.0;2.0;0.0
2459.0;10226.0;1.0;0.0;0.0;0.0;0.0;0.0;1.0;0.0
2458.0;261.0;1.0;1.0;0.0;0.0;0.0;1.0;1.0;0.0
2456.0;0.0;1.0;0.0;0.0;0.0;0.0;2.0;0.0;0.0
2455.0;11304.0;1.0;0.0;0.0;0.0;0.0;1.0;1.0;0.0
2455.0;1267.0;1.0;1.0;0.0;0.0;1.0;1.0;0.0;1.0
2454.0;535.0;1.0;1.0;0.0;0.0;0.0;1.0;1.0;0.0
2454.0;1996.0;1.0;1.0;0.0;2.0;0.0;1.0;1.0;0.0
2453.0;828.0;4.0;4.0;0.0;0.0;0.0;8.0;4.0;0.0
2453.0;1899.0;1.0;1.0;0.0;0.0;0.0;1.0;0.0;0.0
2453.0;65.0;1.0;1.0;0.0;0.0;0.0;1.0;0.0;0.0
2452.0;855.0;1.0;1.0;0.0;0.0;0.0;1.0;0.0;0.0
2451.0;1628.0;1.0;1.0;0.0;0.0;0.0;1.0;0.0;0.0
2449.0;1031.0;1.0;0.0;0.0;3.0;0.0;0.0;2.0;0.0
2447.0;133.0;1.0;1.0;0.0;1.0;1.0;1.0;0.0;1.0
2446.0;2850.0;4.0;2.0;0.0;0.0;0.0;2.0;4.0;0.0
2445.0;14789.0;1.0;0.0;0.0;0.0;0.0;0.0;1.0;0.0
2443.0;580.0;1.0;1.0;0.0;0.0;1.0;1.0;0.0;1.0
2443.0;766.0;1.0;0.0;0.0;1.0;0.0;1.0;1.0;0.0
2442.0;3068.0;1.0;0.0;0.0;0.0;0.0;0.0;1.0;0.0
2442.0;598.0;1.0;0.0;0.0;0.0;0.0;1.0;0.0;0.0
2441.0;641.0;1.0;1.0;0.0;2.0;0.0;2.0;1.0;0.0
2441.0;384.0;1.0;0.0;0.0;0.0;0.0;0.0;1.0;0.0
2441.0;740.0;1.0;1.0;0.0;1.0;0.0;1.0;1.0;0.0
